"BANDHANBNK,159.24: At Daily Horizontal Support after '45' Days. Support Date - 02-Sep-2026. Support Price - 159.24"
"JUSTDIAL,637.3: At Daily Horizontal Support after '45' Days. Support Date - 27-Aug-2026. Support Price - 637.3"
"TSFINV,397.2: At Daily Horizontal Support after '45' Days. Support Date - 01-Sep-2026. Support Price - 397.2"
"IKIO,185.0: At Daily Horizontal Support after '45' Days. Support Date - 27-Aug-2026. Support Price - 185.0"
"THOMASCOOK,97.3: At Daily Horizontal Support after '60' Days. Support Date - 19-Aug-2026. Support Price - 97.3"
"HMT,55.84: At Daily Horizontal Support after '60' Days. Support Date - 13-Aug-2026. Support Price - 55.84"
"NSLNISP,39.3: At Daily Horizontal Support after '60' Days. Support Date - 20-Aug-2026. Support Price - 39.3"
"WENDT,7888.0: At Daily Horizontal Support after '60' Days. Support Date - 17-Aug-2026. Support Price - 7888.0"
"ASHOKLEY,147.59: At Daily Horizontal Support after '75' Days. Support Date - 24-Jul-2026. Support Price - 147.59"
"BALKRISIND,1982.1: At Daily Horizontal Support after '75' Days. Support Date - 24-Jul-2026. Support Price - 1982.1"
"ENDURANCE,2548.6: At Daily Horizontal Support after '75' Days. Support Date - 24-Jul-2026. Support Price - 2548.6"
"GARUDA,167.1: At Daily Horizontal Support after '75' Days. Support Date - 30-Jul-2026. Support Price - 167.1"
"AFFLE,1419.1: At Daily Horizontal Support after '75' Days. Support Date - 24-Jul-2026. Support Price - 1419.1"
"AUBANK,960.0: At Daily Horizontal Support after '90' Days. Support Date - 23-Jul-2026. Support Price - 960.0"
"THYROCARE,505.5: At Daily Horizontal Support after '90' Days. Support Date - 13-Jul-2026. Support Price - 505.5"
"IFGLEXPOR,177.11: At Daily Horizontal Support after '105' Days. Support Date - 29-Jun-2026. Support Price - 177.11"
"FEDFINA,144.33: At Daily Horizontal Support after '105' Days. Support Date - 30-Jun-2026. Support Price - 144.33"
"AFFLE,1390.5: At Daily Horizontal Support after '105' Days. Support Date - 29-Jun-2026. Support Price - 1390.5"
"DALBHARAT,1605.0: At Daily Horizontal Support after '120' Days. Support Date - 11-Jun-2026. Support Price - 1605.0"
"LTF,256.1: At Daily Horizontal Support after '120' Days. Support Date - 11-Jun-2026. Support Price - 256.1"
"BALKRISIND,1970.0: At Daily Horizontal Support after '120' Days. Support Date - 11-Jun-2026. Support Price - 1970.0"
"VOGL,30.42: At Daily Horizontal Support after '120' Days. Support Date - 19-Jun-2026. Support Price - 30.42"
"GOKEX,650.25: At Daily Horizontal Support after '120' Days. Support Date - 11-Jun-2026. Support Price - 650.25"
"ENDURANCE,2471.0: At Daily Horizontal Support after '135' Days. Support Date - 08-Jun-2026. Support Price - 2471.0"
"DODLA,980.0: At Daily Horizontal Support after '150' Days. Support Date - 18-May-2026. Support Price - 980.0"
"PATELENG,24.91: At Daily Horizontal Support after '150' Days. Support Date - 18-May-2026. Support Price - 24.91"
"EICHERMOT,6752.5: At Daily Horizontal Support after '150' Days. Support Date - 20-May-2026. Support Price - 6752.5"
"RELAXO,278.4: At Daily Horizontal Support after '150' Days. Support Date - 18-May-2026. Support Price - 278.4"
"ERIS,1200.0: At Daily Horizontal Support after '165' Days. Support Date - 28-Apr-2026. Support Price - 1200.0"
"NH,1741.2: At Daily Horizontal Support after '165' Days. Support Date - 05-May-2026. Support Price - 1741.2"
"JLHL,242.2: At Daily Horizontal Support after '165' Days. Support Date - 06-May-2026. Support Price - 242.2"
"SAFARI,1363.1: At Daily Horizontal Support after '165' Days. Support Date - 06-May-2026. Support Price - 1363.1"
"BBL,2051.7: At Daily Horizontal Support after '195' Days. Support Date - 30-Mar-2026. Support Price - 2051.7"
"FIEMIND,1870.1: At Daily Horizontal Support after '195' Days. Support Date - 30-Mar-2026. Support Price - 1870.1"
"INA,79.75: At Daily Horizontal Support after '195' Days. Support Date - 30-Mar-2026. Support Price - 79.75"
"JIOFIN,223.3: At Daily Horizontal Support after '195' Days. Support Date - 30-Mar-2026. Support Price - 223.3"
"INTELLECT,595.2: At Daily Horizontal Support after '195' Days. Support Date - 30-Mar-2026. Support Price - 595.2"
"PSB,20.5: At Daily Horizontal Support after '195' Days. Support Date - 30-Mar-2026. Support Price - 20.5"
"RECLTD,304.05: At Daily Horizontal Support after '195' Days. Support Date - 30-Mar-2026. Support Price - 304.05"
"LINCOLN,545.0: At Daily Horizontal Support after '195' Days. Support Date - 09-Apr-2026. Support Price - 545.0"
"BBTC,1314.6: At Daily Horizontal Support after '195' Days. Support Date - 30-Mar-2026. Support Price - 1314.6"
"ASHOKA,101.0: At Daily Horizontal Support after '195' Days. Support Date - 30-Mar-2026. Support Price - 101.0"
"SBFC,79.6: At Daily Horizontal Support after '195' Days. Support Date - 30-Mar-2026. Support Price - 79.6"
"ALLTIME,186.0: At Daily Horizontal Support after '195' Days. Support Date - 30-Mar-2026. Support Price - 186.0"
"SKFINDIA,1404.0: At Daily Horizontal Support after '195' Days. Support Date - 30-Mar-2026. Support Price - 1404.0"
"SCHAEFFLER,3690.8: At Daily Horizontal Support after '195' Days. Support Date - 07-Apr-2026. Support Price - 3690.8"
"SIGNATURE,705.2: At Daily Horizontal Support after '195' Days. Support Date - 02-Apr-2026. Support Price - 705.2"
"DCXINDIA,153.3: At Daily Horizontal Support after '195' Days. Support Date - 30-Mar-2026. Support Price - 153.3"
"HONDAPOWER,1816.6: At Daily Horizontal Support after '195' Days. Support Date - 30-Mar-2026. Support Price - 1816.6"
"NBCC,77.18: At Daily Horizontal Support after '195' Days. Support Date - 30-Mar-2026. Support Price - 77.18"
"HGINFRA,429.5: At Daily Horizontal Support after '195' Days. Support Date - 30-Mar-2026. Support Price - 429.5"
"EUROPRATIK,207.8: At Daily Horizontal Support after '210' Days. Support Date - 23-Mar-2026. Support Price - 207.8"
"ZEEL,68.0: At Daily Horizontal Support after '210' Days. Support Date - 23-Mar-2026. Support Price - 68.0"
"PRAJIND,292.25: At Daily Horizontal Support after '210' Days. Support Date - 16-Mar-2026. Support Price - 292.25"
"INOXGREEN,132.58: At Daily Horizontal Support after '210' Days. Support Date - 23-Mar-2026. Support Price - 132.58"
"DELHIVERY,392.45: At Daily Horizontal Support after '210' Days. Support Date - 16-Mar-2026. Support Price - 392.45"
"ABREL,1080.1: At Daily Horizontal Support after '210' Days. Support Date - 16-Mar-2026. Support Price - 1080.1"
"NMDC,74.55: At Daily Horizontal Support after '210' Days. Support Date - 23-Mar-2026. Support Price - 74.55"
"SAMMAANCAP,129.0: At Daily Horizontal Support after '210' Days. Support Date - 23-Mar-2026. Support Price - 129.0"
"TEAMLEASE,1065.2: At Daily Horizontal Support after '210' Days. Support Date - 16-Mar-2026. Support Price - 1065.2"
"POWERGRID,250.0: At Daily Horizontal Support after '255' Days. Support Date - 02-Feb-2026. Support Price - 250.0"
"EUROPRATIK,205.1: At Daily Horizontal Support after '255' Days. Support Date - 30-Jan-2026. Support Price - 205.1"
"GALLANTT,501.0: At Daily Horizontal Support after '255' Days. Support Date - 02-Feb-2026. Support Price - 501.0"
"GMDCLTD,513.0: At Daily Horizontal Support after '255' Days. Support Date - 27-Jan-2026. Support Price - 513.0"
"INDRAMEDCO,342.0: At Daily Horizontal Support after '255' Days. Support Date - 27-Jan-2026. Support Price - 342.0"
"SUNCLAY,1112.8: At Daily Horizontal Support after '255' Days. Support Date - 27-Jan-2026. Support Price - 1112.8"
"AVANTIFEED,737.9: At Daily Horizontal Support after '270' Days. Support Date - 21-Jan-2026. Support Price - 737.9"
"WAAREEENER,2403.0: At Daily Horizontal Support after '270' Days. Support Date - 21-Jan-2026. Support Price - 2403.0"
"FORCEMOT,16419.0: At Daily Horizontal Support after '300' Days. Support Date - 11-Dec-2025. Support Price - 16419.0"
"PFC,329.9: At Daily Horizontal Support after '300' Days. Support Date - 18-Dec-2025. Support Price - 329.9"
"GPIL,221.21: At Daily Horizontal Support after '315' Days. Support Date - 09-Dec-2025. Support Price - 221.21"
"NATCOPHARM,792.05: At Daily Horizontal Support after '330' Days. Support Date - 11-Nov-2025. Support Price - 792.05"
"GMDCLTD,466.4: At Daily Horizontal Support after '330' Days. Support Date - 25-Nov-2025. Support Price - 466.4"
