"DABUR,395.45: Daily Timeframe Breakout (Personal). Previous High Date- 23-Sep-2026. Previous High Price - 395.45"
"GKWLIMITED,1619.6: Daily Timeframe Breakout (Personal). Previous High Date- 22-Sep-2026. Previous High Price - 1619.6"
"NEOGEN,2499.7: Daily Timeframe Breakout (Personal). Previous High Date- 21-Sep-2026. Previous High Price - 2499.7"
"BAJAJHFL,86.45: Daily Timeframe Breakout (Personal). Previous High Date- 18-Sep-2026. Previous High Price - 86.45"
"ANGELONE,310.0: Daily Timeframe Breakout (Personal). Previous High Date- 15-Sep-2026. Previous High Price - 310.0"
"ARIHANTCAP,98.8: Daily Timeframe Breakout (Personal). Previous High Date- 23-Sep-2026. Previous High Price - 98.8"
"RADICO,4614.1: Daily Timeframe Breakout (Personal). Previous High Date- 23-Sep-2026. Previous High Price - 4614.1"
"BHARTIARTL,1893.3: Daily Timeframe Breakout (Personal). Previous High Date- 18-Sep-2026. Previous High Price - 1893.3"
"HDFCLIFE,567.4: Daily Timeframe Breakout (Personal). Previous High Date- 22-Sep-2026. Previous High Price - 567.4"
"PNB,119.4: Daily Timeframe Breakout (Personal). Previous High Date- 17-Sep-2026. Previous High Price - 119.4"
"GODREJCP,891.0: Daily Timeframe Breakout (Personal). Previous High Date- 21-Sep-2026. Previous High Price - 891.0"
"ALKEM,5466.5: Daily Timeframe Breakout (Personal). Previous High Date- 18-Sep-2026. Previous High Price - 5466.5"
"WEWORK,695.4: Daily Timeframe Breakout (Personal). Previous High Date- 21-Sep-2026. Previous High Price - 695.4"
"HSCL,692.8: Daily Timeframe Breakout (Personal). Previous High Date- 21-Sep-2026. Previous High Price - 692.8"
"KIRLFER,489.0: Daily Timeframe Breakout (Personal). Previous High Date- 18-Sep-2026. Previous High Price - 489.0"
"JAGRAN,64.0: Daily Timeframe Breakout (Personal). Previous High Date- 23-Sep-2026. Previous High Price - 64.0"
"IIFLCAPS,356.4: Daily Timeframe Breakout (Personal). Previous High Date- 23-Sep-2026. Previous High Price - 356.4"
"IPCALAB,2038.0: Daily Timeframe Breakout (Personal). Previous High Date- 18-Sep-2026. Previous High Price - 2038.0"
"BSE,3474.5: Daily Timeframe Breakout (Personal). Previous High Date- 07-Sep-2026. Previous High Price - 3474.5"
"VHL,3696.0: Daily Timeframe Breakout (Personal). Previous High Date- 04-Sep-2026. Previous High Price - 3696.0"
"PREMEXPLN,702.5: Daily Timeframe Breakout (Personal). Previous High Date- 02-Sep-2026. Previous High Price - 702.5"
"AXISBANK,1300.0: Daily Timeframe Breakout (Personal). Previous High Date- 31-Aug-2026. Previous High Price - 1300.0"
"GILLETTE,7564.0: Daily Timeframe Breakout (Personal). Previous High Date- 08-Sep-2026. Previous High Price - 7564.0"
"PETRONET,300.6: Daily Timeframe Breakout (Personal). Previous High Date- 31-Aug-2026. Previous High Price - 300.6"
"NYKAA,349.55: Daily Timeframe Breakout (Personal). Previous High Date- 31-Aug-2026. Previous High Price - 349.55"
"ELPROINTL,177.95: Daily Timeframe Breakout (Personal). Previous High Date- 08-Sep-2026. Previous High Price - 177.95"
"ALLDIGI,823.9: Daily Timeframe Breakout (Personal). Previous High Date- 26-Aug-2026. Previous High Price - 823.9"
"GPPL,173.8: Daily Timeframe Breakout (Personal). Previous High Date- 26-Aug-2026. Previous High Price - 173.8"
"VHLTD,137.98: Daily Timeframe Breakout (Personal). Previous High Date- 04-Aug-2026. Previous High Price - 137.98"
"LEMONTREE,115.68: Daily Timeframe Breakout (Personal). Previous High Date- 05-Aug-2026. Previous High Price - 115.68"
"GESHIP,1598.9: Daily Timeframe Breakout (Personal). Previous High Date- 04-Aug-2026. Previous High Price - 1598.9"
"GANDHAR,303.17: Daily Timeframe Breakout (Personal). Previous High Date- 24-Jul-2026. Previous High Price - 303.17"
"KAJARIACER,1271.5: Daily Timeframe Breakout (Personal). Previous High Date- 14-Jul-2026. Previous High Price - 1271.5"
