"ATGL,576.4: At Daily Horizontal Support after '13' Days. Support Date - 15-Sep-2026. Support Price - 576.4"
"NAVKARCORP,84.8: At Daily Horizontal Support after '12' Days. Support Date - 16-Sep-2026. Support Price - 84.8"
"AGL,13.28: At Daily Horizontal Support after '26' Days. Support Date - 02-Sep-2026. Support Price - 13.28"
"SOLARWORLD,128.16: At Daily Horizontal Support after '12' Days. Support Date - 16-Sep-2026. Support Price - 128.16"
"AWFIS,244.1: At Daily Horizontal Support after '17' Days. Support Date - 11-Sep-2026. Support Price - 244.1"
"MIDWESTLTD,951.0: At Daily Horizontal Support after '11' Days. Support Date - 17-Sep-2026. Support Price - 951.0"
"GODAVARIB,224.0: At Daily Horizontal Support after '12' Days. Support Date - 16-Sep-2026. Support Price - 224.0"
"AYE,168.28: At Daily Horizontal Support after '26' Days. Support Date - 02-Sep-2026. Support Price - 168.28"
"JPPOWER,15.17: At Daily Horizontal Support after '10' Days. Support Date - 18-Sep-2026. Support Price - 15.17"
"EIEL,188.0: At Daily Horizontal Support after '26' Days. Support Date - 02-Sep-2026. Support Price - 188.0"
"JKPAPER,387.0: At Daily Horizontal Support after '26' Days. Support Date - 02-Sep-2026. Support Price - 387.0"
"IPL,132.01: At Daily Horizontal Support after '13' Days. Support Date - 15-Sep-2026. Support Price - 132.01"
"CORDELIA,99.8: At Daily Horizontal Support after '28' Days. Support Date - 31-Aug-2026. Support Price - 99.8"
"BLUESTONE,770.1: At Daily Horizontal Support after '28' Days. Support Date - 31-Aug-2026. Support Price - 770.1"
"KRSNAA,525.0: At Daily Horizontal Support after '12' Days. Support Date - 16-Sep-2026. Support Price - 525.0"
"WAAREEINDO,241.1: At Daily Horizontal Support after '12' Days. Support Date - 16-Sep-2026. Support Price - 241.1"
"WABAG,1948.9: At Daily Horizontal Support after '26' Days. Support Date - 02-Sep-2026. Support Price - 1948.9"
"NORTHARC,285.45: At Daily Horizontal Support after '12' Days. Support Date - 16-Sep-2026. Support Price - 285.45"
"UNIECOM,79.65: At Daily Horizontal Support after '12' Days. Support Date - 16-Sep-2026. Support Price - 79.65"
"SIMPLEXINF,233.05: At Daily Horizontal Support after '12' Days. Support Date - 16-Sep-2026. Support Price - 233.05"
"RSL,171.41: At Daily Horizontal Support after '12' Days. Support Date - 16-Sep-2026. Support Price - 171.41"
"HOMEFIRST,1100.6: At Daily Horizontal Support after '17' Days. Support Date - 11-Sep-2026. Support Price - 1100.6"
"KIRLOSIND,3550.8: At Daily Horizontal Support after '18' Days. Support Date - 10-Sep-2026. Support Price - 3550.8"
"EVEREADY,315.0: At Daily Horizontal Support after '21' Days. Support Date - 07-Sep-2026. Support Price - 315.0"
"PAYTM,1594.2: At Daily Horizontal Support after '26' Days. Support Date - 02-Sep-2026. Support Price - 1594.2"
"CGCL,242.3: At Daily Horizontal Support after '27' Days. Support Date - 01-Sep-2026. Support Price - 242.3"
"XPROINDIA,1110.0: At Daily Horizontal Support after '26' Days. Support Date - 02-Sep-2026. Support Price - 1110.0"
"KAPSTON,540.85: At Daily Horizontal Support after '12' Days. Support Date - 16-Sep-2026. Support Price - 540.85"
"STUDDS,402.55: At Daily Horizontal Support after '12' Days. Support Date - 16-Sep-2026. Support Price - 402.55"
"MAITHANALL,964.55: At Daily Horizontal Support after '26' Days. Support Date - 02-Sep-2026. Support Price - 964.55"
"OMNI,513.0: At Daily Horizontal Support after '21' Days. Support Date - 07-Sep-2026. Support Price - 513.0"
"HARIOMPIPE,332.5: At Daily Horizontal Support after '26' Days. Support Date - 02-Sep-2026. Support Price - 332.5"
"ORIENTTECH,229.0: At Daily Horizontal Support after '19' Days. Support Date - 09-Sep-2026. Support Price - 229.0"
"KRISHNADEF,965.3: At Daily Horizontal Support after '28' Days. Support Date - 31-Aug-2026. Support Price - 965.3"
